event_id,event_date,entity_id,event_type,severity,estimated_impact
EV0001,2026-01-01,POL012,handoff,Low,8196
EV0002,2026-01-02,POL010,experiment,Medium,32661
EV0003,2026-01-03,POL033,experiment,Medium,41354
EV0004,2026-01-04,POL001,stakeholder_request,Medium,14298
EV0005,2026-01-05,POL019,launch,Medium,46572
EV0006,2026-01-06,POL026,qa_check,High,46280
EV0007,2026-01-07,POL017,qa_check,Medium,23206
EV0008,2026-01-08,POL031,stakeholder_request,Low,9787
EV0009,2026-01-09,POL021,handoff,Low,7879
EV0010,2026-01-10,POL015,qa_check,Medium,7192
EV0011,2026-01-11,POL004,exception,Medium,31134
EV0012,2026-01-12,POL034,experiment,Medium,24188
EV0013,2026-01-13,POL018,exception,Medium,25796
EV0014,2026-01-14,POL017,handoff,Medium,7144
EV0015,2026-01-15,POL028,qa_check,High,47561
EV0016,2026-01-16,POL002,qa_check,High,46674
EV0017,2026-01-17,POL003,exception,High,35295
EV0018,2026-01-18,POL014,launch,Medium,49420
EV0019,2026-01-19,POL021,handoff,High,38062
EV0020,2026-01-20,POL003,stakeholder_request,Medium,31065
EV0021,2026-01-21,POL025,launch,High,33360
EV0022,2026-01-22,POL028,qa_check,Low,554
EV0023,2026-01-23,POL022,experiment,High,6083
EV0024,2026-01-24,POL003,launch,High,2043
EV0025,2026-01-25,POL002,qa_check,Low,30703
EV0026,2026-01-26,POL011,handoff,High,5556
EV0027,2026-01-27,POL025,stakeholder_request,Low,47660
EV0028,2026-01-28,POL035,stakeholder_request,Low,6872
EV0029,2026-01-29,POL007,handoff,Medium,3486
EV0030,2026-01-30,POL011,qa_check,Low,27623
EV0031,2026-01-31,POL013,exception,Medium,45635
EV0032,2026-02-01,POL010,experiment,Low,15615
EV0033,2026-02-02,POL036,exception,Medium,51039
EV0034,2026-02-03,POL027,experiment,High,5865
EV0035,2026-02-04,POL018,experiment,High,33378
EV0036,2026-02-05,POL003,launch,Low,27357
EV0037,2026-02-06,POL012,handoff,Medium,38577
EV0038,2026-02-07,POL036,handoff,Low,13018
EV0039,2026-02-08,POL009,launch,High,43507
EV0040,2026-02-09,POL029,handoff,Low,21916
EV0041,2026-02-10,POL020,launch,High,12421
EV0042,2026-02-11,POL025,exception,Low,1167
EV0043,2026-02-12,POL029,launch,Medium,8099
EV0044,2026-02-13,POL032,handoff,Medium,14571
EV0045,2026-02-14,POL022,launch,Medium,48715
EV0046,2026-02-15,POL015,launch,Low,10961
EV0047,2026-02-16,POL006,exception,High,19420
EV0048,2026-02-17,POL030,exception,Low,7774
EV0049,2026-02-18,POL021,qa_check,Medium,50647
EV0050,2026-02-19,POL024,exception,Medium,20336
EV0051,2026-02-20,POL002,launch,Low,24134
EV0052,2026-02-21,POL028,qa_check,Medium,45872
EV0053,2026-02-22,POL026,launch,Medium,9164
EV0054,2026-02-23,POL018,qa_check,High,50729
EV0055,2026-02-24,POL023,experiment,Medium,32526
EV0056,2026-02-25,POL017,handoff,High,12324
EV0057,2026-02-26,POL005,stakeholder_request,High,6194
EV0058,2026-02-27,POL019,handoff,Low,15801
EV0059,2026-02-28,POL015,handoff,High,18722
EV0060,2026-03-01,POL002,handoff,High,44921
EV0061,2026-03-02,POL023,qa_check,High,11864
EV0062,2026-03-03,POL022,launch,High,33654
EV0063,2026-03-04,POL036,experiment,Medium,26905
EV0064,2026-03-05,POL030,handoff,Low,24004
EV0065,2026-03-06,POL019,stakeholder_request,High,42218
EV0066,2026-03-07,POL024,exception,Medium,18047
EV0067,2026-03-08,POL030,handoff,Medium,20035
EV0068,2026-03-09,POL003,stakeholder_request,High,39184
EV0069,2026-03-10,POL016,experiment,Low,7937
EV0070,2026-03-11,POL021,launch,Medium,42121
EV0071,2026-03-12,POL007,launch,High,37568
EV0072,2026-03-13,POL032,experiment,Medium,32059
EV0073,2026-03-14,POL007,exception,High,26557
EV0074,2026-03-15,POL034,qa_check,High,32611
EV0075,2026-03-16,POL030,experiment,Medium,44172
EV0076,2026-03-17,POL002,qa_check,Medium,5433
EV0077,2026-03-18,POL017,handoff,Low,13685
EV0078,2026-03-19,POL028,exception,High,30571
EV0079,2026-03-20,POL033,stakeholder_request,Medium,35953
EV0080,2026-03-21,POL024,exception,Medium,26536
EV0081,2026-03-22,POL029,handoff,Low,46725
EV0082,2026-03-23,POL021,experiment,Medium,40087
EV0083,2026-03-24,POL026,launch,Medium,43664
EV0084,2026-03-25,POL007,exception,High,24242
EV0085,2026-03-26,POL009,qa_check,High,7588
EV0086,2026-03-27,POL033,launch,Medium,31500
EV0087,2026-03-28,POL020,launch,Medium,32931
EV0088,2026-03-29,POL002,stakeholder_request,Low,49788
EV0089,2026-03-30,POL009,experiment,Medium,49418
EV0090,2026-03-31,POL013,exception,Low,47623
EV0091,2026-04-01,POL018,stakeholder_request,Low,10469
EV0092,2026-04-02,POL024,stakeholder_request,High,22493
EV0093,2026-04-03,POL017,exception,Medium,33307
EV0094,2026-04-04,POL008,stakeholder_request,Low,959
EV0095,2026-04-05,POL009,exception,Medium,27301
EV0096,2026-04-06,POL035,launch,Low,41974
EV0097,2026-04-07,POL022,qa_check,Medium,46513
EV0098,2026-04-08,POL016,stakeholder_request,Low,37421
EV0099,2026-04-09,POL031,qa_check,Medium,27476
EV0100,2026-04-10,POL020,handoff,Medium,30870
EV0101,2026-04-11,POL005,handoff,Low,45182
EV0102,2026-04-12,POL012,experiment,Medium,24552
EV0103,2026-04-13,POL026,qa_check,Medium,5791
EV0104,2026-04-14,POL009,stakeholder_request,Medium,47056
EV0105,2026-04-15,POL006,qa_check,Low,12064
EV0106,2026-04-16,POL017,experiment,Medium,18239
EV0107,2026-04-17,POL007,qa_check,High,11005
EV0108,2026-04-18,POL035,experiment,Medium,29363
EV0109,2026-04-19,POL012,handoff,High,11233
EV0110,2026-04-20,POL014,exception,High,8438
EV0111,2026-04-21,POL019,stakeholder_request,Medium,46061
EV0112,2026-04-22,POL024,handoff,High,6799
EV0113,2026-04-23,POL016,launch,Medium,36806
EV0114,2026-04-24,POL019,experiment,High,25389
EV0115,2026-04-25,POL022,qa_check,High,19804
EV0116,2026-04-26,POL033,launch,Medium,50266
EV0117,2026-04-27,POL015,exception,Medium,16160
EV0118,2026-04-28,POL034,exception,High,39833
EV0119,2026-04-29,POL030,stakeholder_request,Low,7699
EV0120,2026-04-30,POL034,exception,High,18277
EV0121,2026-05-01,POL003,qa_check,High,19153
EV0122,2026-05-02,POL006,launch,High,17736
EV0123,2026-05-03,POL033,exception,Medium,49051
EV0124,2026-05-04,POL012,experiment,Medium,23679
EV0125,2026-05-05,POL033,exception,High,3842
EV0126,2026-05-06,POL001,launch,High,26505
EV0127,2026-05-07,POL021,stakeholder_request,High,47223
EV0128,2026-05-08,POL030,experiment,Low,24866
EV0129,2026-05-09,POL036,launch,High,25700
EV0130,2026-05-10,POL014,stakeholder_request,Low,32203
EV0131,2026-05-11,POL021,qa_check,Medium,30354
EV0132,2026-05-12,POL007,experiment,Low,35004
EV0133,2026-05-13,POL022,launch,Low,34838
EV0134,2026-05-14,POL004,experiment,Low,5777
EV0135,2026-05-15,POL013,handoff,High,51580
EV0136,2026-05-16,POL034,handoff,Medium,22246
EV0137,2026-05-17,POL010,handoff,Medium,33720
EV0138,2026-05-18,POL023,handoff,High,29266
EV0139,2026-05-19,POL031,experiment,High,37751
EV0140,2026-05-20,POL011,experiment,High,15951
EV0141,2026-01-01,POL015,stakeholder_request,High,28886
EV0142,2026-01-02,POL004,experiment,Medium,41528
EV0143,2026-01-03,POL017,launch,Low,50148
EV0144,2026-01-04,POL032,stakeholder_request,Medium,6904
EV0145,2026-01-05,POL009,qa_check,High,34167
EV0146,2026-01-06,POL030,handoff,Medium,47455
EV0147,2026-01-07,POL024,stakeholder_request,High,30208
EV0148,2026-01-08,POL020,launch,Medium,2033
EV0149,2026-01-09,POL018,stakeholder_request,Low,22406
EV0150,2026-01-10,POL015,stakeholder_request,Medium,18192
EV0151,2026-01-11,POL034,exception,Low,8734
EV0152,2026-01-12,POL009,experiment,Low,27630
EV0153,2026-01-13,POL013,launch,High,31675
EV0154,2026-01-14,POL011,qa_check,Low,48856
EV0155,2026-01-15,POL022,exception,Low,6122
EV0156,2026-01-16,POL026,experiment,Medium,29567
EV0157,2026-01-17,POL008,handoff,High,13995
EV0158,2026-01-18,POL031,experiment,High,1255
EV0159,2026-01-19,POL018,exception,Low,35575
EV0160,2026-01-20,POL018,stakeholder_request,High,31019
EV0161,2026-01-21,POL014,handoff,Medium,44556
EV0162,2026-01-22,POL032,launch,High,22108
EV0163,2026-01-23,POL035,experiment,Medium,3321
EV0164,2026-01-24,POL019,launch,Medium,32677
EV0165,2026-01-25,POL004,exception,High,15932
EV0166,2026-01-26,POL026,launch,Medium,31261
EV0167,2026-01-27,POL020,launch,Low,20836
EV0168,2026-01-28,POL004,stakeholder_request,Medium,15971
EV0169,2026-01-29,POL007,qa_check,High,1802
EV0170,2026-01-30,POL030,qa_check,High,33907
EV0171,2026-01-31,POL030,stakeholder_request,High,47560
EV0172,2026-02-01,POL023,launch,Medium,49288
EV0173,2026-02-02,POL034,qa_check,High,2672
EV0174,2026-02-03,POL027,handoff,High,20805
EV0175,2026-02-04,POL009,stakeholder_request,Medium,48615
EV0176,2026-02-05,POL018,experiment,Medium,33690
EV0177,2026-02-06,POL033,exception,Medium,587
EV0178,2026-02-07,POL031,stakeholder_request,Low,23001
EV0179,2026-02-08,POL032,qa_check,High,49526
EV0180,2026-02-09,POL027,qa_check,Medium,15133
EV0181,2026-02-10,POL026,qa_check,Low,13855
EV0182,2026-02-11,POL005,qa_check,Low,12041
EV0183,2026-02-12,POL013,stakeholder_request,Low,36438
EV0184,2026-02-13,POL001,handoff,Medium,33186
EV0185,2026-02-14,POL031,launch,Low,48762
EV0186,2026-02-15,POL005,qa_check,Medium,6196
EV0187,2026-02-16,POL021,handoff,High,10834
EV0188,2026-02-17,POL015,handoff,Medium,21249
EV0189,2026-02-18,POL020,stakeholder_request,Low,51295
EV0190,2026-02-19,POL020,experiment,Medium,22175
EV0191,2026-02-20,POL018,launch,Medium,44258
EV0192,2026-02-21,POL002,launch,High,15773
EV0193,2026-02-22,POL019,stakeholder_request,High,13359
EV0194,2026-02-23,POL010,qa_check,Medium,26849
EV0195,2026-02-24,POL001,handoff,Medium,24029
EV0196,2026-02-25,POL007,experiment,Low,4977
EV0197,2026-02-26,POL031,launch,Low,27491
EV0198,2026-02-27,POL002,launch,Medium,43468
EV0199,2026-02-28,POL029,handoff,Low,16963
EV0200,2026-03-01,POL029,qa_check,Medium,35069
EV0201,2026-03-02,POL025,experiment,Low,32588
EV0202,2026-03-03,POL013,handoff,Low,51875
EV0203,2026-03-04,POL002,qa_check,Low,15087
EV0204,2026-03-05,POL021,launch,Low,7462
EV0205,2026-03-06,POL006,launch,Medium,23118
EV0206,2026-03-07,POL008,launch,Medium,43235
EV0207,2026-03-08,POL011,exception,Medium,41866
EV0208,2026-03-09,POL020,exception,Low,42497
EV0209,2026-03-10,POL008,launch,Medium,842
EV0210,2026-03-11,POL034,experiment,High,23242
EV0211,2026-03-12,POL009,stakeholder_request,Medium,912
EV0212,2026-03-13,POL002,exception,Low,19156
EV0213,2026-03-14,POL010,launch,High,29532
EV0214,2026-03-15,POL001,launch,Low,15347
EV0215,2026-03-16,POL021,qa_check,Medium,39712
EV0216,2026-03-17,POL016,qa_check,Medium,41786
EV0217,2026-03-18,POL009,launch,Medium,32191
EV0218,2026-03-19,POL035,qa_check,Low,12472
EV0219,2026-03-20,POL029,launch,Medium,37839
EV0220,2026-03-21,POL036,experiment,High,31314
EV0221,2026-03-22,POL007,launch,High,51769
EV0222,2026-03-23,POL035,experiment,High,31730
EV0223,2026-03-24,POL036,qa_check,High,22176
EV0224,2026-03-25,POL022,handoff,Low,37468
EV0225,2026-03-26,POL006,launch,Low,48385
EV0226,2026-03-27,POL032,qa_check,High,14643
EV0227,2026-03-28,POL024,launch,Medium,15631
EV0228,2026-03-29,POL028,stakeholder_request,High,35995
EV0229,2026-03-30,POL002,launch,Low,5544
EV0230,2026-03-31,POL034,exception,Low,36363
EV0231,2026-04-01,POL021,handoff,Medium,40361
EV0232,2026-04-02,POL007,experiment,Medium,34880
EV0233,2026-04-03,POL016,exception,Medium,36355
EV0234,2026-04-04,POL022,stakeholder_request,Medium,51388
EV0235,2026-04-05,POL019,handoff,Medium,17983
EV0236,2026-04-06,POL026,launch,High,26065
EV0237,2026-04-07,POL010,qa_check,Medium,26252
EV0238,2026-04-08,POL012,handoff,Medium,51281
EV0239,2026-04-09,POL005,qa_check,High,30301
EV0240,2026-04-10,POL006,launch,High,40165
EV0241,2026-04-11,POL030,handoff,Medium,48210
EV0242,2026-04-12,POL016,exception,High,16392
EV0243,2026-04-13,POL025,exception,Medium,13518
EV0244,2026-04-14,POL003,qa_check,Low,46692
EV0245,2026-04-15,POL016,handoff,High,5467
EV0246,2026-04-16,POL033,launch,High,22073
EV0247,2026-04-17,POL002,exception,Medium,18960
EV0248,2026-04-18,POL020,exception,High,8769
EV0249,2026-04-19,POL011,qa_check,High,46740
EV0250,2026-04-20,POL007,launch,Low,35899
EV0251,2026-04-21,POL009,handoff,Low,10289
EV0252,2026-04-22,POL003,qa_check,High,40851
EV0253,2026-04-23,POL012,handoff,Medium,2944
EV0254,2026-04-24,POL035,qa_check,Medium,23884
EV0255,2026-04-25,POL018,handoff,Medium,21230
EV0256,2026-04-26,POL011,qa_check,High,51444
EV0257,2026-04-27,POL035,qa_check,High,8414
EV0258,2026-04-28,POL004,exception,Low,5204
EV0259,2026-04-29,POL034,experiment,Medium,4279
EV0260,2026-04-30,POL032,handoff,High,3821
EV0261,2026-05-01,POL035,stakeholder_request,Low,40617
EV0262,2026-05-02,POL010,qa_check,High,3911
EV0263,2026-05-03,POL013,launch,Medium,39934
EV0264,2026-05-04,POL011,handoff,Medium,22245
EV0265,2026-05-05,POL007,exception,Medium,26380
EV0266,2026-05-06,POL032,experiment,High,658
EV0267,2026-05-07,POL008,launch,Low,30901
EV0268,2026-05-08,POL023,launch,Low,34685
EV0269,2026-05-09,POL019,stakeholder_request,Medium,51100
EV0270,2026-05-10,POL034,exception,Medium,38909
EV0271,2026-05-11,POL007,qa_check,Low,14324
EV0272,2026-05-12,POL016,qa_check,High,33534
EV0273,2026-05-13,POL019,qa_check,Medium,1468
EV0274,2026-05-14,POL025,handoff,Medium,22167
EV0275,2026-05-15,POL009,handoff,High,10497
EV0276,2026-05-16,POL016,experiment,High,27330
EV0277,2026-05-17,POL015,exception,Medium,32186
EV0278,2026-05-18,POL023,stakeholder_request,Medium,26185
EV0279,2026-05-19,POL009,launch,Medium,26083
EV0280,2026-05-20,POL017,handoff,Medium,43975
EV0281,2026-01-01,POL026,qa_check,High,2685
EV0282,2026-01-02,POL005,launch,Low,44691
EV0283,2026-01-03,POL033,launch,Low,5838
EV0284,2026-01-04,POL010,handoff,High,30951
EV0285,2026-01-05,POL008,exception,High,46848
EV0286,2026-01-06,POL015,exception,Medium,44102
EV0287,2026-01-07,POL018,handoff,High,41822
EV0288,2026-01-08,POL007,stakeholder_request,Low,13040
EV0289,2026-01-09,POL026,stakeholder_request,High,9720
EV0290,2026-01-10,POL009,stakeholder_request,Medium,18246
EV0291,2026-01-11,POL027,qa_check,Medium,16126
EV0292,2026-01-12,POL005,experiment,Medium,44044
EV0293,2026-01-13,POL029,qa_check,Medium,17238
EV0294,2026-01-14,POL031,stakeholder_request,High,43078
EV0295,2026-01-15,POL022,experiment,Medium,16083
EV0296,2026-01-16,POL011,experiment,Medium,4003
EV0297,2026-01-17,POL025,qa_check,Medium,15941
EV0298,2026-01-18,POL021,exception,Medium,22401
EV0299,2026-01-19,POL003,stakeholder_request,High,28493
EV0300,2026-01-20,POL036,launch,High,14412
EV0301,2026-01-21,POL004,exception,High,33690
EV0302,2026-01-22,POL033,stakeholder_request,High,51584
EV0303,2026-01-23,POL036,experiment,Low,45837
EV0304,2026-01-24,POL017,qa_check,Low,29443
EV0305,2026-01-25,POL001,handoff,Low,28393
EV0306,2026-01-26,POL003,stakeholder_request,Low,8781
EV0307,2026-01-27,POL031,experiment,High,17999
EV0308,2026-01-28,POL026,stakeholder_request,Medium,45161
EV0309,2026-01-29,POL015,experiment,Low,45716
EV0310,2026-01-30,POL001,launch,High,21647
EV0311,2026-01-31,POL024,stakeholder_request,Low,9984
EV0312,2026-02-01,POL011,handoff,High,51245
EV0313,2026-02-02,POL008,stakeholder_request,Low,16305
EV0314,2026-02-03,POL006,launch,Low,7064
EV0315,2026-02-04,POL027,qa_check,Medium,50636
EV0316,2026-02-05,POL006,qa_check,Medium,34203
EV0317,2026-02-06,POL003,experiment,Low,16507
EV0318,2026-02-07,POL005,stakeholder_request,Low,34850
EV0319,2026-02-08,POL017,stakeholder_request,High,32856
EV0320,2026-02-09,POL014,exception,High,32097
EV0321,2026-02-10,POL004,handoff,Medium,14083
EV0322,2026-02-11,POL026,experiment,High,21985
EV0323,2026-02-12,POL005,exception,High,25823
EV0324,2026-02-13,POL004,qa_check,High,34755
EV0325,2026-02-14,POL028,stakeholder_request,Low,25935
EV0326,2026-02-15,POL020,stakeholder_request,Low,44827
EV0327,2026-02-16,POL030,experiment,Medium,20712
EV0328,2026-02-17,POL009,experiment,Medium,38494
EV0329,2026-02-18,POL024,experiment,Low,18314
EV0330,2026-02-19,POL001,experiment,Medium,33332
EV0331,2026-02-20,POL005,experiment,High,36911
EV0332,2026-02-21,POL012,experiment,Low,49337
EV0333,2026-02-22,POL011,handoff,Medium,13050
EV0334,2026-02-23,POL003,launch,Medium,31770
EV0335,2026-02-24,POL035,exception,Low,22242
EV0336,2026-02-25,POL013,stakeholder_request,High,34733
EV0337,2026-02-26,POL001,qa_check,Low,39263
EV0338,2026-02-27,POL034,exception,Low,47448
EV0339,2026-02-28,POL018,stakeholder_request,Low,10679
EV0340,2026-03-01,POL019,handoff,Low,29774
EV0341,2026-03-02,POL024,qa_check,Medium,33585
EV0342,2026-03-03,POL036,launch,Low,2425
EV0343,2026-03-04,POL028,exception,Medium,22566
EV0344,2026-03-05,POL006,qa_check,Medium,37417
EV0345,2026-03-06,POL020,launch,Medium,49377
EV0346,2026-03-07,POL023,stakeholder_request,Low,45732
EV0347,2026-03-08,POL026,launch,Low,16337
EV0348,2026-03-09,POL013,launch,Low,31698
EV0349,2026-03-10,POL005,stakeholder_request,Medium,2449
EV0350,2026-03-11,POL036,launch,Low,41591
EV0351,2026-03-12,POL031,handoff,Low,46233
EV0352,2026-03-13,POL036,stakeholder_request,Medium,12454
EV0353,2026-03-14,POL033,qa_check,Medium,34780
EV0354,2026-03-15,POL029,launch,Low,36135
EV0355,2026-03-16,POL002,exception,Low,8024
EV0356,2026-03-17,POL016,exception,High,8543
EV0357,2026-03-18,POL005,handoff,Medium,2733
EV0358,2026-03-19,POL008,stakeholder_request,High,3124
EV0359,2026-03-20,POL017,stakeholder_request,High,2722
EV0360,2026-03-21,POL010,exception,Medium,29557
EV0361,2026-03-22,POL029,stakeholder_request,Medium,46778
EV0362,2026-03-23,POL022,exception,High,1666
EV0363,2026-03-24,POL011,qa_check,Low,30808
EV0364,2026-03-25,POL011,experiment,High,17549
EV0365,2026-03-26,POL010,launch,Low,28207
EV0366,2026-03-27,POL012,handoff,High,24933
EV0367,2026-03-28,POL023,handoff,Medium,46942
EV0368,2026-03-29,POL008,stakeholder_request,High,4743
EV0369,2026-03-30,POL009,experiment,Low,47355
EV0370,2026-03-31,POL022,experiment,High,3385
EV0371,2026-04-01,POL006,launch,Medium,14688
EV0372,2026-04-02,POL018,experiment,High,13759
EV0373,2026-04-03,POL016,experiment,Low,34820
EV0374,2026-04-04,POL013,experiment,Medium,13983
EV0375,2026-04-05,POL002,experiment,High,12731
EV0376,2026-04-06,POL004,launch,Low,9332
EV0377,2026-04-07,POL016,handoff,Low,12177
EV0378,2026-04-08,POL032,handoff,Low,25910
EV0379,2026-04-09,POL031,stakeholder_request,High,32093
EV0380,2026-04-10,POL017,stakeholder_request,Low,4525
EV0381,2026-04-11,POL023,qa_check,Low,43702
EV0382,2026-04-12,POL030,exception,High,6792
EV0383,2026-04-13,POL005,stakeholder_request,Low,30856
EV0384,2026-04-14,POL005,exception,High,12452
EV0385,2026-04-15,POL028,launch,Medium,33587
EV0386,2026-04-16,POL033,qa_check,Low,28912
EV0387,2026-04-17,POL016,handoff,High,40379
EV0388,2026-04-18,POL024,launch,Low,49498
EV0389,2026-04-19,POL004,exception,Low,38162
EV0390,2026-04-20,POL026,experiment,Low,14934
EV0391,2026-04-21,POL036,qa_check,High,14016
EV0392,2026-04-22,POL016,handoff,Low,35534
EV0393,2026-04-23,POL031,handoff,Medium,11609
EV0394,2026-04-24,POL023,experiment,High,50117
EV0395,2026-04-25,POL023,stakeholder_request,High,36336
EV0396,2026-04-26,POL017,exception,Low,3137
EV0397,2026-04-27,POL011,qa_check,Medium,15188
EV0398,2026-04-28,POL017,handoff,Low,25037
EV0399,2026-04-29,POL016,launch,Low,17339
EV0400,2026-04-30,POL005,qa_check,Medium,49313
EV0401,2026-05-01,POL017,experiment,Medium,14447
EV0402,2026-05-02,POL017,experiment,Low,50805
EV0403,2026-05-03,POL029,qa_check,Low,4679
EV0404,2026-05-04,POL006,stakeholder_request,Low,29707
EV0405,2026-05-05,POL033,exception,High,36949
EV0406,2026-05-06,POL034,experiment,High,50285
EV0407,2026-05-07,POL036,handoff,High,32380
EV0408,2026-05-08,POL011,exception,Medium,25330
EV0409,2026-05-09,POL022,stakeholder_request,High,20984
EV0410,2026-05-10,POL010,handoff,High,18813
EV0411,2026-05-11,POL004,handoff,Low,21056
EV0412,2026-05-12,POL004,handoff,Medium,36773
EV0413,2026-05-13,POL027,handoff,Medium,24793
EV0414,2026-05-14,POL018,experiment,High,27415
EV0415,2026-05-15,POL030,qa_check,High,38627
EV0416,2026-05-16,POL032,qa_check,High,38930
EV0417,2026-05-17,POL018,stakeholder_request,Medium,23782
EV0418,2026-05-18,POL013,exception,Low,20030
EV0419,2026-05-19,POL012,launch,Medium,46043
EV0420,2026-05-20,POL016,exception,Medium,35710
EV0421,2026-01-01,POL032,exception,Medium,16747
EV0422,2026-01-02,POL032,experiment,High,22720
EV0423,2026-01-03,POL034,qa_check,Medium,3497
EV0424,2026-01-04,POL032,experiment,Low,11762
EV0425,2026-01-05,POL020,exception,Medium,29086
EV0426,2026-01-06,POL017,exception,Low,43900
EV0427,2026-01-07,POL001,stakeholder_request,High,28147
EV0428,2026-01-08,POL016,launch,Low,38693
EV0429,2026-01-09,POL021,launch,Medium,13020
EV0430,2026-01-10,POL014,handoff,Low,26047
EV0431,2026-01-11,POL032,exception,Medium,36835
EV0432,2026-01-12,POL009,qa_check,Medium,20783
EV0433,2026-01-13,POL013,stakeholder_request,Medium,5315
EV0434,2026-01-14,POL030,launch,Low,3424
EV0435,2026-01-15,POL015,exception,Low,6803
EV0436,2026-01-16,POL007,launch,High,7206
EV0437,2026-01-17,POL012,experiment,Low,27498
EV0438,2026-01-18,POL024,qa_check,Low,2297
EV0439,2026-01-19,POL001,launch,High,30417
EV0440,2026-01-20,POL028,experiment,Medium,40750
EV0441,2026-01-21,POL028,exception,High,37574
EV0442,2026-01-22,POL005,handoff,High,44155
EV0443,2026-01-23,POL015,launch,High,9378
EV0444,2026-01-24,POL030,qa_check,Medium,6534
EV0445,2026-01-25,POL027,qa_check,Low,36248
EV0446,2026-01-26,POL031,handoff,Low,45928
EV0447,2026-01-27,POL014,stakeholder_request,Low,18449
EV0448,2026-01-28,POL013,qa_check,High,47227
EV0449,2026-01-29,POL028,qa_check,Low,18643
EV0450,2026-01-30,POL018,qa_check,High,29203
EV0451,2026-01-31,POL025,handoff,High,51167
EV0452,2026-02-01,POL013,handoff,Low,51268
EV0453,2026-02-02,POL027,handoff,Low,29017
EV0454,2026-02-03,POL022,handoff,Low,20449
EV0455,2026-02-04,POL026,experiment,High,23066
EV0456,2026-02-05,POL026,qa_check,Low,16584
EV0457,2026-02-06,POL022,qa_check,Medium,9484
EV0458,2026-02-07,POL017,handoff,Low,2731
EV0459,2026-02-08,POL019,handoff,Medium,32394
EV0460,2026-02-09,POL030,stakeholder_request,Low,2306
EV0461,2026-02-10,POL013,exception,Low,9231
EV0462,2026-02-11,POL033,stakeholder_request,Low,21928
EV0463,2026-02-12,POL016,exception,Low,2832
EV0464,2026-02-13,POL022,exception,High,28992
EV0465,2026-02-14,POL025,exception,Low,33238
EV0466,2026-02-15,POL003,handoff,Low,35456
EV0467,2026-02-16,POL036,qa_check,Medium,47214
EV0468,2026-02-17,POL006,experiment,Medium,30346
EV0469,2026-02-18,POL033,launch,Low,45496
EV0470,2026-02-19,POL011,experiment,Low,18484
EV0471,2026-02-20,POL024,qa_check,High,7244
EV0472,2026-02-21,POL025,launch,Medium,10932
EV0473,2026-02-22,POL024,stakeholder_request,Medium,23725
EV0474,2026-02-23,POL031,exception,Low,18653
EV0475,2026-02-24,POL029,handoff,High,23213
EV0476,2026-02-25,POL010,experiment,Low,49396
EV0477,2026-02-26,POL031,stakeholder_request,High,14097
EV0478,2026-02-27,POL028,stakeholder_request,Medium,4793
EV0479,2026-02-28,POL011,qa_check,Low,22223
EV0480,2026-03-01,POL023,exception,Medium,44184
EV0481,2026-03-02,POL012,stakeholder_request,Medium,31447
EV0482,2026-03-03,POL025,qa_check,High,24648
EV0483,2026-03-04,POL016,launch,Low,30403
EV0484,2026-03-05,POL001,qa_check,Medium,25763
EV0485,2026-03-06,POL031,launch,High,10999
EV0486,2026-03-07,POL024,qa_check,Low,2085
EV0487,2026-03-08,POL030,stakeholder_request,High,21626
EV0488,2026-03-09,POL036,launch,High,5337
EV0489,2026-03-10,POL028,exception,Medium,17582
EV0490,2026-03-11,POL035,experiment,Low,49323
EV0491,2026-03-12,POL002,launch,Medium,23729
EV0492,2026-03-13,POL009,stakeholder_request,High,29565
EV0493,2026-03-14,POL031,qa_check,Medium,42848
EV0494,2026-03-15,POL033,qa_check,Medium,6645
EV0495,2026-03-16,POL020,experiment,Low,18734
EV0496,2026-03-17,POL012,qa_check,High,29282
EV0497,2026-03-18,POL007,handoff,Low,8492
EV0498,2026-03-19,POL021,stakeholder_request,High,12117
EV0499,2026-03-20,POL017,stakeholder_request,Low,49064
EV0500,2026-03-21,POL024,experiment,Medium,28718
EV0501,2026-03-22,POL032,launch,Medium,26969
EV0502,2026-03-23,POL028,exception,High,41311
EV0503,2026-03-24,POL014,stakeholder_request,High,14762
EV0504,2026-03-25,POL005,qa_check,High,45716
EV0505,2026-03-26,POL001,launch,Low,44215
EV0506,2026-03-27,POL028,handoff,Low,13519
EV0507,2026-03-28,POL009,handoff,Medium,37211
EV0508,2026-03-29,POL001,experiment,High,43449
EV0509,2026-03-30,POL010,qa_check,Low,48865
EV0510,2026-03-31,POL002,qa_check,High,977
EV0511,2026-04-01,POL001,handoff,Low,50353
EV0512,2026-04-02,POL030,stakeholder_request,Low,36641
EV0513,2026-04-03,POL033,handoff,High,23971
EV0514,2026-04-04,POL011,qa_check,Medium,26078
EV0515,2026-04-05,POL023,launch,Low,9904
EV0516,2026-04-06,POL001,stakeholder_request,Medium,43285
EV0517,2026-04-07,POL018,stakeholder_request,High,1720
EV0518,2026-04-08,POL035,launch,High,13093
EV0519,2026-04-09,POL028,launch,High,51079
EV0520,2026-04-10,POL031,qa_check,Medium,36362
EV0521,2026-04-11,POL027,launch,High,15158
EV0522,2026-04-12,POL013,stakeholder_request,Medium,48893
EV0523,2026-04-13,POL022,launch,High,28304
EV0524,2026-04-14,POL009,handoff,Low,50060
EV0525,2026-04-15,POL010,qa_check,Low,49899
EV0526,2026-04-16,POL008,stakeholder_request,Medium,25662
EV0527,2026-04-17,POL027,stakeholder_request,High,33442
EV0528,2026-04-18,POL020,handoff,Low,28491
EV0529,2026-04-19,POL019,stakeholder_request,Low,47355
EV0530,2026-04-20,POL023,stakeholder_request,Low,4620
EV0531,2026-04-21,POL031,handoff,Low,38505
EV0532,2026-04-22,POL011,handoff,High,34912
EV0533,2026-04-23,POL018,exception,Low,10945
EV0534,2026-04-24,POL032,experiment,Medium,13241
EV0535,2026-04-25,POL024,handoff,High,1875
EV0536,2026-04-26,POL007,experiment,High,48942
EV0537,2026-04-27,POL020,handoff,High,9320
EV0538,2026-04-28,POL008,handoff,Low,48470
EV0539,2026-04-29,POL025,exception,Medium,26027
EV0540,2026-04-30,POL026,handoff,Medium,21284
EV0541,2026-05-01,POL009,exception,Low,25080
EV0542,2026-05-02,POL022,experiment,Medium,28444
EV0543,2026-05-03,POL001,experiment,Medium,51740
EV0544,2026-05-04,POL003,stakeholder_request,Medium,31437
EV0545,2026-05-05,POL008,handoff,Medium,9492
EV0546,2026-05-06,POL024,handoff,Medium,1708
EV0547,2026-05-07,POL008,handoff,High,15822
EV0548,2026-05-08,POL035,experiment,Low,33423
EV0549,2026-05-09,POL032,exception,Medium,40208
EV0550,2026-05-10,POL013,qa_check,Medium,47438
EV0551,2026-05-11,POL036,experiment,Low,8827
EV0552,2026-05-12,POL014,qa_check,Medium,13499
EV0553,2026-05-13,POL009,qa_check,High,15487
EV0554,2026-05-14,POL035,exception,High,21154
EV0555,2026-05-15,POL007,handoff,High,20773
EV0556,2026-05-16,POL018,handoff,Medium,44881
EV0557,2026-05-17,POL032,handoff,Medium,17911
EV0558,2026-05-18,POL025,qa_check,Low,21445
EV0559,2026-05-19,POL016,qa_check,Low,47359
EV0560,2026-05-20,POL012,launch,Low,33459
EV0561,2026-01-01,POL018,exception,Low,8604
EV0562,2026-01-02,POL023,qa_check,Low,32682
EV0563,2026-01-03,POL004,stakeholder_request,Medium,41689
EV0564,2026-01-04,POL025,experiment,Low,30017
EV0565,2026-01-05,POL034,exception,Medium,36451
EV0566,2026-01-06,POL019,stakeholder_request,Medium,31241
EV0567,2026-01-07,POL035,launch,Low,20485
EV0568,2026-01-08,POL035,stakeholder_request,High,27451
EV0569,2026-01-09,POL035,experiment,Low,35318
EV0570,2026-01-10,POL020,stakeholder_request,Medium,40221
EV0571,2026-01-11,POL005,launch,Low,15811
EV0572,2026-01-12,POL033,experiment,Low,15490
EV0573,2026-01-13,POL001,handoff,Medium,33270
EV0574,2026-01-14,POL008,stakeholder_request,High,29659
EV0575,2026-01-15,POL029,stakeholder_request,Low,26787
EV0576,2026-01-16,POL015,launch,Low,35412
EV0577,2026-01-17,POL001,exception,High,1288
EV0578,2026-01-18,POL004,exception,High,22754
EV0579,2026-01-19,POL005,launch,High,22810
EV0580,2026-01-20,POL016,qa_check,High,28767
EV0581,2026-01-21,POL008,launch,High,10990
EV0582,2026-01-22,POL025,exception,Low,47584
EV0583,2026-01-23,POL036,stakeholder_request,High,49774
EV0584,2026-01-24,POL025,stakeholder_request,High,46588
EV0585,2026-01-25,POL002,handoff,High,31848
EV0586,2026-01-26,POL005,stakeholder_request,Medium,37322
EV0587,2026-01-27,POL027,launch,Low,27286
EV0588,2026-01-28,POL020,launch,Medium,46619
EV0589,2026-01-29,POL031,launch,Medium,37411
EV0590,2026-01-30,POL007,experiment,High,39458
EV0591,2026-01-31,POL006,stakeholder_request,High,9386
EV0592,2026-02-01,POL028,handoff,Low,51027
EV0593,2026-02-02,POL028,launch,Low,8516
EV0594,2026-02-03,POL033,stakeholder_request,High,13016
EV0595,2026-02-04,POL008,experiment,Low,33268
EV0596,2026-02-05,POL015,qa_check,Low,46622
EV0597,2026-02-06,POL017,qa_check,High,39515
EV0598,2026-02-07,POL018,qa_check,Low,37775
EV0599,2026-02-08,POL028,handoff,Low,19494
EV0600,2026-02-09,POL021,launch,Medium,39580
EV0601,2026-02-10,POL002,stakeholder_request,Medium,32487
EV0602,2026-02-11,POL005,handoff,High,8485
EV0603,2026-02-12,POL019,handoff,Low,32716
EV0604,2026-02-13,POL008,stakeholder_request,Medium,7156
EV0605,2026-02-14,POL029,stakeholder_request,Medium,9462
EV0606,2026-02-15,POL029,handoff,Low,50086
EV0607,2026-02-16,POL031,experiment,Medium,27396
EV0608,2026-02-17,POL036,exception,Medium,3907
EV0609,2026-02-18,POL036,launch,High,12636
EV0610,2026-02-19,POL002,stakeholder_request,Medium,5931
EV0611,2026-02-20,POL015,qa_check,Medium,5520
EV0612,2026-02-21,POL003,qa_check,High,10407
EV0613,2026-02-22,POL027,qa_check,Medium,4592
EV0614,2026-02-23,POL029,exception,High,7497
EV0615,2026-02-24,POL008,stakeholder_request,Low,19821
EV0616,2026-02-25,POL032,launch,Medium,39469
EV0617,2026-02-26,POL030,stakeholder_request,High,26019
EV0618,2026-02-27,POL009,handoff,High,14111
EV0619,2026-02-28,POL009,experiment,Low,22497
EV0620,2026-03-01,POL001,qa_check,Low,36363
EV0621,2026-03-02,POL017,handoff,Medium,44426
EV0622,2026-03-03,POL020,experiment,Low,22166
EV0623,2026-03-04,POL014,launch,Medium,22927
EV0624,2026-03-05,POL036,launch,Low,36533
EV0625,2026-03-06,POL004,qa_check,Medium,8870
EV0626,2026-03-07,POL030,handoff,High,16838
EV0627,2026-03-08,POL005,qa_check,Medium,39396
EV0628,2026-03-09,POL004,exception,Low,14319
EV0629,2026-03-10,POL011,launch,Medium,7663
EV0630,2026-03-11,POL025,launch,Low,26807
EV0631,2026-03-12,POL020,exception,High,50804
EV0632,2026-03-13,POL004,exception,Medium,40671
EV0633,2026-03-14,POL018,handoff,High,14103
EV0634,2026-03-15,POL012,handoff,Medium,24478
EV0635,2026-03-16,POL032,experiment,Low,51395
EV0636,2026-03-17,POL010,launch,Low,28874
EV0637,2026-03-18,POL029,experiment,High,44183
EV0638,2026-03-19,POL007,launch,Low,32191
EV0639,2026-03-20,POL022,experiment,High,2469
EV0640,2026-03-21,POL033,experiment,Medium,46760
EV0641,2026-03-22,POL032,stakeholder_request,Low,5314
EV0642,2026-03-23,POL028,stakeholder_request,Low,22452
EV0643,2026-03-24,POL036,stakeholder_request,Medium,41603
EV0644,2026-03-25,POL016,experiment,Low,10932
EV0645,2026-03-26,POL025,qa_check,Medium,8544
EV0646,2026-03-27,POL019,stakeholder_request,Medium,24141
EV0647,2026-03-28,POL006,handoff,Medium,22370
EV0648,2026-03-29,POL002,experiment,Low,50481
EV0649,2026-03-30,POL013,stakeholder_request,Medium,11275
EV0650,2026-03-31,POL022,experiment,Medium,22736
EV0651,2026-04-01,POL025,exception,Low,32557
EV0652,2026-04-02,POL019,qa_check,Low,46702
EV0653,2026-04-03,POL034,launch,Low,26485
EV0654,2026-04-04,POL024,launch,Medium,15034
EV0655,2026-04-05,POL020,stakeholder_request,Medium,36884
EV0656,2026-04-06,POL004,exception,Low,48318
EV0657,2026-04-07,POL009,stakeholder_request,Low,22941
EV0658,2026-04-08,POL026,exception,Low,12362
EV0659,2026-04-09,POL032,launch,Medium,34724
EV0660,2026-04-10,POL012,handoff,Medium,17196
EV0661,2026-04-11,POL024,qa_check,Medium,31424
EV0662,2026-04-12,POL034,handoff,Low,43804
EV0663,2026-04-13,POL028,experiment,Low,11819
EV0664,2026-04-14,POL025,handoff,High,37564
EV0665,2026-04-15,POL001,stakeholder_request,Low,44945
EV0666,2026-04-16,POL017,launch,Low,4914
EV0667,2026-04-17,POL006,handoff,Medium,46500
EV0668,2026-04-18,POL022,experiment,High,10232
EV0669,2026-04-19,POL010,launch,Medium,21960
EV0670,2026-04-20,POL008,launch,High,21439
EV0671,2026-04-21,POL020,qa_check,High,3910
EV0672,2026-04-22,POL009,qa_check,Medium,16312
EV0673,2026-04-23,POL015,handoff,High,44098
EV0674,2026-04-24,POL024,qa_check,Low,40533
EV0675,2026-04-25,POL032,handoff,Medium,2714
EV0676,2026-04-26,POL006,launch,High,11434
EV0677,2026-04-27,POL010,launch,Low,10371
EV0678,2026-04-28,POL028,experiment,Medium,39980
EV0679,2026-04-29,POL012,qa_check,High,6325
EV0680,2026-04-30,POL010,launch,Medium,34964
EV0681,2026-05-01,POL012,qa_check,High,896
EV0682,2026-05-02,POL022,qa_check,Medium,31413
EV0683,2026-05-03,POL002,experiment,Medium,32120
EV0684,2026-05-04,POL023,handoff,Medium,7227
EV0685,2026-05-05,POL017,experiment,Low,22613
EV0686,2026-05-06,POL012,experiment,Low,12027
EV0687,2026-05-07,POL006,experiment,Medium,51659
EV0688,2026-05-08,POL007,launch,Low,41722
EV0689,2026-05-09,POL031,qa_check,High,12508
EV0690,2026-05-10,POL034,launch,Medium,19303
EV0691,2026-05-11,POL015,exception,High,45405
EV0692,2026-05-12,POL025,experiment,Low,36344
EV0693,2026-05-13,POL028,experiment,High,46825
EV0694,2026-05-14,POL004,launch,High,31229
EV0695,2026-05-15,POL035,exception,Low,5939
EV0696,2026-05-16,POL014,handoff,Medium,37098
EV0697,2026-05-17,POL013,stakeholder_request,High,35288
EV0698,2026-05-18,POL033,handoff,High,21009
EV0699,2026-05-19,POL013,exception,Medium,44184
EV0700,2026-05-20,POL033,experiment,High,35321
EV0701,2026-01-01,POL015,handoff,Low,33322
EV0702,2026-01-02,POL027,exception,Low,11793
EV0703,2026-01-03,POL007,handoff,Low,32120
EV0704,2026-01-04,POL004,exception,Medium,22403
EV0705,2026-01-05,POL012,qa_check,Medium,39267
EV0706,2026-01-06,POL003,experiment,High,28389
EV0707,2026-01-07,POL002,experiment,Medium,18003
EV0708,2026-01-08,POL030,stakeholder_request,Medium,44500
EV0709,2026-01-09,POL026,experiment,Low,49102
EV0710,2026-01-10,POL012,experiment,Medium,48981
EV0711,2026-01-11,POL005,stakeholder_request,Low,23586
EV0712,2026-01-12,POL026,handoff,Low,51258
EV0713,2026-01-13,POL017,qa_check,Medium,8157
EV0714,2026-01-14,POL020,experiment,Medium,8355
EV0715,2026-01-15,POL011,stakeholder_request,High,47337
EV0716,2026-01-16,POL036,handoff,High,2027
EV0717,2026-01-17,POL011,stakeholder_request,Medium,20340
EV0718,2026-01-18,POL015,handoff,Medium,7109
EV0719,2026-01-19,POL025,launch,High,16154
EV0720,2026-01-20,POL014,exception,Low,23585
EV0721,2026-01-21,POL026,handoff,Medium,42348
EV0722,2026-01-22,POL032,handoff,Medium,5877
EV0723,2026-01-23,POL024,handoff,Low,46090
EV0724,2026-01-24,POL029,experiment,High,1352
EV0725,2026-01-25,POL032,qa_check,High,41392
EV0726,2026-01-26,POL001,stakeholder_request,Medium,34547
EV0727,2026-01-27,POL020,stakeholder_request,Low,33568
EV0728,2026-01-28,POL011,handoff,High,46112
EV0729,2026-01-29,POL009,experiment,High,49912
EV0730,2026-01-30,POL036,launch,Medium,40978
EV0731,2026-01-31,POL015,experiment,Medium,19098
EV0732,2026-02-01,POL026,launch,Medium,33731
EV0733,2026-02-02,POL018,launch,High,14295
EV0734,2026-02-03,POL022,stakeholder_request,Low,48720
EV0735,2026-02-04,POL036,exception,Low,36001
EV0736,2026-02-05,POL022,experiment,High,20373
EV0737,2026-02-06,POL012,exception,High,4098
EV0738,2026-02-07,POL013,launch,Medium,5734
EV0739,2026-02-08,POL016,launch,Medium,10623
EV0740,2026-02-09,POL002,experiment,Medium,39723
EV0741,2026-02-10,POL010,exception,Low,9263
EV0742,2026-02-11,POL003,qa_check,High,45108
EV0743,2026-02-12,POL004,exception,Low,23058
EV0744,2026-02-13,POL015,experiment,High,3203
EV0745,2026-02-14,POL019,handoff,Low,46337
EV0746,2026-02-15,POL031,exception,High,24778
EV0747,2026-02-16,POL015,stakeholder_request,Medium,1361
EV0748,2026-02-17,POL006,stakeholder_request,High,12193
EV0749,2026-02-18,POL024,experiment,High,7191
EV0750,2026-02-19,POL029,launch,Low,45746
EV0751,2026-02-20,POL023,experiment,Medium,33772
EV0752,2026-02-21,POL026,experiment,Medium,746
EV0753,2026-02-22,POL020,launch,High,22738
EV0754,2026-02-23,POL030,qa_check,Low,43298
EV0755,2026-02-24,POL025,stakeholder_request,High,11433
EV0756,2026-02-25,POL010,exception,High,47811
EV0757,2026-02-26,POL007,handoff,Medium,2654
EV0758,2026-02-27,POL021,launch,Low,47723
EV0759,2026-02-28,POL001,handoff,Medium,43607
EV0760,2026-03-01,POL020,qa_check,High,19948
